[{"sidebar-home":["sdw_popular-4","sdw_getpostanime-5","sdw_genre-2","sdw_season-3"],"sidebar-episode":["sdw_getpostanime-2","sdw_season-2"],"sidebar-anime":["sdw_getpostanime-4","sdw_genre-4","sdw_season-4"],"sidebar-archive":["sdw_getpostanime-3","sdw_genre-3"],"sidebar-blog":["sdw_recentblog-2","sdw_blogcategory-2"],"main-top":["tpw_slideranime-2","tpw_featuredanime-2"],"main-center":["tpw_latestepisode-2"],"main-bottom":["tpw_getpostblog-2"]},{"sdw_popular":{"4":{"title":"Popular Anime","count":"10","link":"\/popular\/"},"_multiwidget":1},"sdw_getpostanime":{"5":{"title":"Movie","count":"10","type":"Movie","orderby":"date","link":""},"2":{"title":"Anime Update","count":"5","type":"TV","orderby":"date","link":""},"4":{"title":"Anime Movie","count":"5","type":"Movie","orderby":"date","link":""},"3":{"title":"Anime Movie","count":"10","type":"Movie","orderby":"date","link":""},"_multiwidget":1},"sdw_genre":{"2":{"title":"Genres","scroll":"on"},"4":{"title":"Genres","scroll":"on"},"3":{"title":"Genres","scroll":"on"},"_multiwidget":1},"sdw_season":{"3":{"title":"Season","scroll":""},"2":{"title":"Season","scroll":""},"4":{"title":"Season","scroll":""},"_multiwidget":1},"sdw_recentblog":{"2":{"title":"Recent Blog","count":"5","orderby":"rand"},"_multiwidget":1},"sdw_blogcategory":{"2":{"title":"Category","scroll":""},"_multiwidget":1},"tpw_slideranime":{"2":{"count":"10","orderby":"rand","status":"all","genre":"all","season":"all","type":"all"},"_multiwidget":1},"tpw_featuredanime":{"2":{"title":"Featured Anime","count":"10","orderby":"rand","status":"all","genre":"all","season":"all","type":"all"},"_multiwidget":1},"tpw_latestepisode":{"2":{"title":"Latest Episode","link":"\/latest-episode\/"},"_multiwidget":1},"tpw_getpostblog":{"2":{"title":"Latest Blog","count":"6","orderby":"date","link":"\/latest-blog\/"},"_multiwidget":1}}]